image_path,mask_path,label,split,category
candle\Data\Images\Normal\000.JPG,,normal,train,candle
candle\Data\Images\Normal\001.JPG,,normal,train,candle
candle\Data\Images\Normal\002.JPG,,normal,train,candle
candle\Data\Images\Normal\003.JPG,,normal,train,candle
candle\Data\Images\Normal\004.JPG,,normal,train,candle
candle\Data\Images\Normal\005.JPG,,normal,train,candle
candle\Data\Images\Normal\006.JPG,,normal,train,candle
candle\Data\Images\Normal\007.JPG,,normal,train,candle
candle\Data\Images\Normal\008.JPG,,normal,train,candle
candle\Data\Images\Normal\009.JPG,,normal,test,candle
candle\Data\Images\Normal\010.JPG,,normal,test,candle
candle\Data\Images\Normal\011.JPG,,normal,test,candle
candle\Data\Images\Normal\012.JPG,,normal,test,candle
candle\Data\Images\Normal\013.JPG,,normal,test,candle
candle\Data\Images\Normal\014.JPG,,normal,test,candle
candle\Data\Images\Anomaly\000.JPG,candle\Data\Masks\Anomaly\000.png,anomaly,test,candle
candle\Data\Images\Anomaly\001.JPG,candle\Data\Masks\Anomaly\001.png,anomaly,test,candle
candle\Data\Images\Anomaly\002.JPG,candle\Data\Masks\Anomaly\002.png,anomaly,test,candle
candle\Data\Images\Anomaly\003.JPG,candle\Data\Masks\Anomaly\003.png,anomaly,test,candle
candle\Data\Images\Anomaly\004.JPG,candle\Data\Masks\Anomaly\004.png,anomaly,test,candle
capsules\Data\Images\Normal\000.JPG,,normal,train,capsules
capsules\Data\Images\Normal\001.JPG,,normal,train,capsules
capsules\Data\Images\Normal\002.JPG,,normal,train,capsules
capsules\Data\Images\Normal\003.JPG,,normal,train,capsules
capsules\Data\Images\Normal\004.JPG,,normal,train,capsules
capsules\Data\Images\Normal\005.JPG,,normal,train,capsules
capsules\Data\Images\Normal\006.JPG,,normal,train,capsules
capsules\Data\Images\Normal\007.JPG,,normal,train,capsules
capsules\Data\Images\Normal\008.JPG,,normal,train,capsules
capsules\Data\Images\Normal\009.JPG,,normal,test,capsules
capsules\Data\Images\Normal\010.JPG,,normal,test,capsules
capsules\Data\Images\Normal\011.JPG,,normal,test,capsules
capsules\Data\Images\Normal\012.JPG,,normal,test,capsules
capsules\Data\Images\Normal\013.JPG,,normal,test,capsules
capsules\Data\Images\Normal\014.JPG,,normal,test,capsules
capsules\Data\Images\Anomaly\000.JPG,capsules\Data\Masks\Anomaly\000.png,anomaly,test,capsules
capsules\Data\Images\Anomaly\001.JPG,capsules\Data\Masks\Anomaly\001.png,anomaly,test,capsules
capsules\Data\Images\Anomaly\002.JPG,capsules\Data\Masks\Anomaly\002.png,anomaly,test,capsules
capsules\Data\Images\Anomaly\003.JPG,capsules\Data\Masks\Anomaly\003.png,anomaly,test,capsules
capsules\Data\Images\Anomaly\004.JPG,capsules\Data\Masks\Anomaly\004.png,anomaly,test,capsules
cashew\Data\Images\Normal\000.JPG,,normal,train,cashew
cashew\Data\Images\Normal\001.JPG,,normal,train,cashew
cashew\Data\Images\Normal\002.JPG,,normal,train,cashew
cashew\Data\Images\Normal\003.JPG,,normal,train,cashew
cashew\Data\Images\Normal\004.JPG,,normal,train,cashew
cashew\Data\Images\Normal\005.JPG,,normal,train,cashew
cashew\Data\Images\Normal\006.JPG,,normal,train,cashew
cashew\Data\Images\Normal\007.JPG,,normal,train,cashew
cashew\Data\Images\Normal\008.JPG,,normal,train,cashew
cashew\Data\Images\Normal\009.JPG,,normal,test,cashew
cashew\Data\Images\Normal\010.JPG,,normal,test,cashew
cashew\Data\Images\Normal\011.JPG,,normal,test,cashew
cashew\Data\Images\Normal\012.JPG,,normal,test,cashew
cashew\Data\Images\Normal\013.JPG,,normal,test,cashew
cashew\Data\Images\Normal\014.JPG,,normal,test,cashew
cashew\Data\Images\Anomaly\000.JPG,cashew\Data\Masks\Anomaly\000.png,anomaly,test,cashew
cashew\Data\Images\Anomaly\001.JPG,cashew\Data\Masks\Anomaly\001.png,anomaly,test,cashew
cashew\Data\Images\Anomaly\002.JPG,cashew\Data\Masks\Anomaly\002.png,anomaly,test,cashew
cashew\Data\Images\Anomaly\003.JPG,cashew\Data\Masks\Anomaly\003.png,anomaly,test,cashew
cashew\Data\Images\Anomaly\004.JPG,cashew\Data\Masks\Anomaly\004.png,anomaly,test,cashew
chewinggum\Data\Images\Normal\000.JPG,,normal,train,chewinggum
chewinggum\Data\Images\Normal\001.JPG,,normal,train,chewinggum
chewinggum\Data\Images\Normal\002.JPG,,normal,train,chewinggum
chewinggum\Data\Images\Normal\003.JPG,,normal,train,chewinggum
chewinggum\Data\Images\Normal\004.JPG,,normal,train,chewinggum
chewinggum\Data\Images\Normal\005.JPG,,normal,train,chewinggum
chewinggum\Data\Images\Normal\006.JPG,,normal,train,chewinggum
chewinggum\Data\Images\Normal\007.JPG,,normal,train,chewinggum
chewinggum\Data\Images\Normal\008.JPG,,normal,train,chewinggum
chewinggum\Data\Images\Normal\009.JPG,,normal,test,chewinggum
chewinggum\Data\Images\Normal\010.JPG,,normal,test,chewinggum
chewinggum\Data\Images\Normal\011.JPG,,normal,test,chewinggum
chewinggum\Data\Images\Normal\012.JPG,,normal,test,chewinggum
chewinggum\Data\Images\Normal\013.JPG,,normal,test,chewinggum
chewinggum\Data\Images\Normal\014.JPG,,normal,test,chewinggum
chewinggum\Data\Images\Anomaly\000.JPG,chewinggum\Data\Masks\Anomaly\000.png,anomaly,test,chewinggum
chewinggum\Data\Images\Anomaly\001.JPG,chewinggum\Data\Masks\Anomaly\001.png,anomaly,test,chewinggum
chewinggum\Data\Images\Anomaly\002.JPG,chewinggum\Data\Masks\Anomaly\002.png,anomaly,test,chewinggum
chewinggum\Data\Images\Anomaly\003.JPG,chewinggum\Data\Masks\Anomaly\003.png,anomaly,test,chewinggum
chewinggum\Data\Images\Anomaly\004.JPG,chewinggum\Data\Masks\Anomaly\004.png,anomaly,test,chewinggum
fryum\Data\Images\Normal\000.JPG,,normal,train,fryum
fryum\Data\Images\Normal\001.JPG,,normal,train,fryum
fryum\Data\Images\Normal\002.JPG,,normal,train,fryum
fryum\Data\Images\Normal\003.JPG,,normal,train,fryum
fryum\Data\Images\Normal\004.JPG,,normal,train,fryum
fryum\Data\Images\Normal\005.JPG,,normal,train,fryum
fryum\Data\Images\Normal\006.JPG,,normal,train,fryum
fryum\Data\Images\Normal\007.JPG,,normal,train,fryum
fryum\Data\Images\Normal\008.JPG,,normal,train,fryum
fryum\Data\Images\Normal\009.JPG,,normal,test,fryum
fryum\Data\Images\Normal\010.JPG,,normal,test,fryum
fryum\Data\Images\Normal\011.JPG,,normal,test,fryum
fryum\Data\Images\Normal\012.JPG,,normal,test,fryum
fryum\Data\Images\Normal\013.JPG,,normal,test,fryum
fryum\Data\Images\Normal\014.JPG,,normal,test,fryum
fryum\Data\Images\Anomaly\000.JPG,fryum\Data\Masks\Anomaly\000.png,anomaly,test,fryum
fryum\Data\Images\Anomaly\001.JPG,fryum\Data\Masks\Anomaly\001.png,anomaly,test,fryum
fryum\Data\Images\Anomaly\002.JPG,fryum\Data\Masks\Anomaly\002.png,anomaly,test,fryum
fryum\Data\Images\Anomaly\003.JPG,fryum\Data\Masks\Anomaly\003.png,anomaly,test,fryum
fryum\Data\Images\Anomaly\004.JPG,fryum\Data\Masks\Anomaly\004.png,anomaly,test,fryum
macaroni1\Data\Images\Normal\000.JPG,,normal,train,macaroni1
macaroni1\Data\Images\Normal\001.JPG,,normal,train,macaroni1
macaroni1\Data\Images\Normal\002.JPG,,normal,train,macaroni1
macaroni1\Data\Images\Normal\003.JPG,,normal,train,macaroni1
macaroni1\Data\Images\Normal\004.JPG,,normal,train,macaroni1
macaroni1\Data\Images\Normal\005.JPG,,normal,train,macaroni1
macaroni1\Data\Images\Normal\006.JPG,,normal,train,macaroni1
macaroni1\Data\Images\Normal\007.JPG,,normal,train,macaroni1
macaroni1\Data\Images\Normal\008.JPG,,normal,train,macaroni1
macaroni1\Data\Images\Normal\009.JPG,,normal,test,macaroni1
macaroni1\Data\Images\Normal\010.JPG,,normal,test,macaroni1
macaroni1\Data\Images\Normal\011.JPG,,normal,test,macaroni1
macaroni1\Data\Images\Normal\012.JPG,,normal,test,macaroni1
macaroni1\Data\Images\Normal\013.JPG,,normal,test,macaroni1
macaroni1\Data\Images\Normal\014.JPG,,normal,test,macaroni1
macaroni1\Data\Images\Anomaly\000.JPG,macaroni1\Data\Masks\Anomaly\000.png,anomaly,test,macaroni1
macaroni1\Data\Images\Anomaly\001.JPG,macaroni1\Data\Masks\Anomaly\001.png,anomaly,test,macaroni1
macaroni1\Data\Images\Anomaly\002.JPG,macaroni1\Data\Masks\Anomaly\002.png,anomaly,test,macaroni1
macaroni1\Data\Images\Anomaly\003.JPG,macaroni1\Data\Masks\Anomaly\003.png,anomaly,test,macaroni1
macaroni1\Data\Images\Anomaly\004.JPG,macaroni1\Data\Masks\Anomaly\004.png,anomaly,test,macaroni1
macaroni2\Data\Images\Normal\000.JPG,,normal,train,macaroni2
macaroni2\Data\Images\Normal\001.JPG,,normal,train,macaroni2
macaroni2\Data\Images\Normal\002.JPG,,normal,train,macaroni2
macaroni2\Data\Images\Normal\003.JPG,,normal,train,macaroni2
macaroni2\Data\Images\Normal\004.JPG,,normal,train,macaroni2
macaroni2\Data\Images\Normal\005.JPG,,normal,train,macaroni2
macaroni2\Data\Images\Normal\006.JPG,,normal,train,macaroni2
macaroni2\Data\Images\Normal\007.JPG,,normal,train,macaroni2
macaroni2\Data\Images\Normal\008.JPG,,normal,train,macaroni2
macaroni2\Data\Images\Normal\009.JPG,,normal,test,macaroni2
macaroni2\Data\Images\Normal\010.JPG,,normal,test,macaroni2
macaroni2\Data\Images\Normal\011.JPG,,normal,test,macaroni2
macaroni2\Data\Images\Normal\012.JPG,,normal,test,macaroni2
macaroni2\Data\Images\Normal\013.JPG,,normal,test,macaroni2
macaroni2\Data\Images\Normal\014.JPG,,normal,test,macaroni2
macaroni2\Data\Images\Anomaly\000.JPG,macaroni2\Data\Masks\Anomaly\000.png,anomaly,test,macaroni2
macaroni2\Data\Images\Anomaly\001.JPG,macaroni2\Data\Masks\Anomaly\001.png,anomaly,test,macaroni2
macaroni2\Data\Images\Anomaly\002.JPG,macaroni2\Data\Masks\Anomaly\002.png,anomaly,test,macaroni2
macaroni2\Data\Images\Anomaly\003.JPG,macaroni2\Data\Masks\Anomaly\003.png,anomaly,test,macaroni2
macaroni2\Data\Images\Anomaly\004.JPG,macaroni2\Data\Masks\Anomaly\004.png,anomaly,test,macaroni2
pcb1\Data\Images\Normal\000.JPG,,normal,train,pcb1
pcb1\Data\Images\Normal\001.JPG,,normal,train,pcb1
pcb1\Data\Images\Normal\002.JPG,,normal,train,pcb1
pcb1\Data\Images\Normal\003.JPG,,normal,train,pcb1
pcb1\Data\Images\Normal\004.JPG,,normal,train,pcb1
pcb1\Data\Images\Normal\005.JPG,,normal,train,pcb1
pcb1\Data\Images\Normal\006.JPG,,normal,train,pcb1
pcb1\Data\Images\Normal\007.JPG,,normal,train,pcb1
pcb1\Data\Images\Normal\008.JPG,,normal,train,pcb1
pcb1\Data\Images\Normal\009.JPG,,normal,test,pcb1
pcb1\Data\Images\Normal\010.JPG,,normal,test,pcb1
pcb1\Data\Images\Normal\011.JPG,,normal,test,pcb1
pcb1\Data\Images\Normal\012.JPG,,normal,test,pcb1
pcb1\Data\Images\Normal\013.JPG,,normal,test,pcb1
pcb1\Data\Images\Normal\014.JPG,,normal,test,pcb1
pcb1\Data\Images\Anomaly\000.JPG,pcb1\Data\Masks\Anomaly\000.png,anomaly,test,pcb1
pcb1\Data\Images\Anomaly\001.JPG,pcb1\Data\Masks\Anomaly\001.png,anomaly,test,pcb1
pcb1\Data\Images\Anomaly\002.JPG,pcb1\Data\Masks\Anomaly\002.png,anomaly,test,pcb1
pcb1\Data\Images\Anomaly\003.JPG,pcb1\Data\Masks\Anomaly\003.png,anomaly,test,pcb1
pcb1\Data\Images\Anomaly\004.JPG,pcb1\Data\Masks\Anomaly\004.png,anomaly,test,pcb1
pcb2\Data\Images\Normal\000.JPG,,normal,train,pcb2
pcb2\Data\Images\Normal\001.JPG,,normal,train,pcb2
pcb2\Data\Images\Normal\002.JPG,,normal,train,pcb2
pcb2\Data\Images\Normal\003.JPG,,normal,train,pcb2
pcb2\Data\Images\Normal\004.JPG,,normal,train,pcb2
pcb2\Data\Images\Normal\005.JPG,,normal,train,pcb2
pcb2\Data\Images\Normal\006.JPG,,normal,train,pcb2
pcb2\Data\Images\Normal\007.JPG,,normal,train,pcb2
pcb2\Data\Images\Normal\008.JPG,,normal,train,pcb2
pcb2\Data\Images\Normal\009.JPG,,normal,test,pcb2
pcb2\Data\Images\Normal\010.JPG,,normal,test,pcb2
pcb2\Data\Images\Normal\011.JPG,,normal,test,pcb2
pcb2\Data\Images\Normal\012.JPG,,normal,test,pcb2
pcb2\Data\Images\Normal\013.JPG,,normal,test,pcb2
pcb2\Data\Images\Normal\014.JPG,,normal,test,pcb2
pcb2\Data\Images\Anomaly\000.JPG,pcb2\Data\Masks\Anomaly\000.png,anomaly,test,pcb2
pcb2\Data\Images\Anomaly\001.JPG,pcb2\Data\Masks\Anomaly\001.png,anomaly,test,pcb2
pcb2\Data\Images\Anomaly\002.JPG,pcb2\Data\Masks\Anomaly\002.png,anomaly,test,pcb2
pcb2\Data\Images\Anomaly\003.JPG,pcb2\Data\Masks\Anomaly\003.png,anomaly,test,pcb2
pcb2\Data\Images\Anomaly\004.JPG,pcb2\Data\Masks\Anomaly\004.png,anomaly,test,pcb2
pcb3\Data\Images\Normal\000.JPG,,normal,train,pcb3
pcb3\Data\Images\Normal\001.JPG,,normal,train,pcb3
pcb3\Data\Images\Normal\002.JPG,,normal,train,pcb3
pcb3\Data\Images\Normal\003.JPG,,normal,train,pcb3
pcb3\Data\Images\Normal\004.JPG,,normal,train,pcb3
pcb3\Data\Images\Normal\005.JPG,,normal,train,pcb3
pcb3\Data\Images\Normal\006.JPG,,normal,train,pcb3
pcb3\Data\Images\Normal\007.JPG,,normal,train,pcb3
pcb3\Data\Images\Normal\008.JPG,,normal,train,pcb3
pcb3\Data\Images\Normal\009.JPG,,normal,test,pcb3
pcb3\Data\Images\Normal\010.JPG,,normal,test,pcb3
pcb3\Data\Images\Normal\011.JPG,,normal,test,pcb3
pcb3\Data\Images\Normal\012.JPG,,normal,test,pcb3
pcb3\Data\Images\Normal\013.JPG,,normal,test,pcb3
pcb3\Data\Images\Normal\014.JPG,,normal,test,pcb3
pcb3\Data\Images\Anomaly\000.JPG,pcb3\Data\Masks\Anomaly\000.png,anomaly,test,pcb3
pcb3\Data\Images\Anomaly\001.JPG,pcb3\Data\Masks\Anomaly\001.png,anomaly,test,pcb3
pcb3\Data\Images\Anomaly\002.JPG,pcb3\Data\Masks\Anomaly\002.png,anomaly,test,pcb3
pcb3\Data\Images\Anomaly\003.JPG,pcb3\Data\Masks\Anomaly\003.png,anomaly,test,pcb3
pcb3\Data\Images\Anomaly\004.JPG,pcb3\Data\Masks\Anomaly\004.png,anomaly,test,pcb3
pcb4\Data\Images\Normal\000.JPG,,normal,train,pcb4
pcb4\Data\Images\Normal\001.JPG,,normal,train,pcb4
pcb4\Data\Images\Normal\002.JPG,,normal,train,pcb4
pcb4\Data\Images\Normal\003.JPG,,normal,train,pcb4
pcb4\Data\Images\Normal\004.JPG,,normal,train,pcb4
pcb4\Data\Images\Normal\005.JPG,,normal,train,pcb4
pcb4\Data\Images\Normal\006.JPG,,normal,train,pcb4
pcb4\Data\Images\Normal\007.JPG,,normal,train,pcb4
pcb4\Data\Images\Normal\008.JPG,,normal,train,pcb4
pcb4\Data\Images\Normal\009.JPG,,normal,test,pcb4
pcb4\Data\Images\Normal\010.JPG,,normal,test,pcb4
pcb4\Data\Images\Normal\011.JPG,,normal,test,pcb4
pcb4\Data\Images\Normal\012.JPG,,normal,test,pcb4
pcb4\Data\Images\Normal\013.JPG,,normal,test,pcb4
pcb4\Data\Images\Normal\014.JPG,,normal,test,pcb4
pcb4\Data\Images\Anomaly\000.JPG,pcb4\Data\Masks\Anomaly\000.png,anomaly,test,pcb4
pcb4\Data\Images\Anomaly\001.JPG,pcb4\Data\Masks\Anomaly\001.png,anomaly,test,pcb4
pcb4\Data\Images\Anomaly\002.JPG,pcb4\Data\Masks\Anomaly\002.png,anomaly,test,pcb4
pcb4\Data\Images\Anomaly\003.JPG,pcb4\Data\Masks\Anomaly\003.png,anomaly,test,pcb4
pcb4\Data\Images\Anomaly\004.JPG,pcb4\Data\Masks\Anomaly\004.png,anomaly,test,pcb4
pipe_fryum\Data\Images\Normal\000.JPG,,normal,train,pipe_fryum
pipe_fryum\Data\Images\Normal\001.JPG,,normal,train,pipe_fryum
pipe_fryum\Data\Images\Normal\002.JPG,,normal,train,pipe_fryum
pipe_fryum\Data\Images\Normal\003.JPG,,normal,train,pipe_fryum
pipe_fryum\Data\Images\Normal\004.JPG,,normal,train,pipe_fryum
pipe_fryum\Data\Images\Normal\005.JPG,,normal,train,pipe_fryum
pipe_fryum\Data\Images\Normal\006.JPG,,normal,train,pipe_fryum
pipe_fryum\Data\Images\Normal\007.JPG,,normal,train,pipe_fryum
pipe_fryum\Data\Images\Normal\008.JPG,,normal,train,pipe_fryum
pipe_fryum\Data\Images\Normal\009.JPG,,normal,test,pipe_fryum
pipe_fryum\Data\Images\Normal\010.JPG,,normal,test,pipe_fryum
pipe_fryum\Data\Images\Normal\011.JPG,,normal,test,pipe_fryum
pipe_fryum\Data\Images\Normal\012.JPG,,normal,test,pipe_fryum
pipe_fryum\Data\Images\Normal\013.JPG,,normal,test,pipe_fryum
pipe_fryum\Data\Images\Normal\014.JPG,,normal,test,pipe_fryum
pipe_fryum\Data\Images\Anomaly\000.JPG,pipe_fryum\Data\Masks\Anomaly\000.png,anomaly,test,pipe_fryum
pipe_fryum\Data\Images\Anomaly\001.JPG,pipe_fryum\Data\Masks\Anomaly\001.png,anomaly,test,pipe_fryum
pipe_fryum\Data\Images\Anomaly\002.JPG,pipe_fryum\Data\Masks\Anomaly\002.png,anomaly,test,pipe_fryum
pipe_fryum\Data\Images\Anomaly\003.JPG,pipe_fryum\Data\Masks\Anomaly\003.png,anomaly,test,pipe_fryum
pipe_fryum\Data\Images\Anomaly\004.JPG,pipe_fryum\Data\Masks\Anomaly\004.png,anomaly,test,pipe_fryum
